y1,y2,y3,y4,y5,ID
6.19645171589224,9.18878101786125,13.427142933594,12.4402426462214,13.1939634032292,1
8.35419852353513,11.9870858147995,14.4779681756784,13.3899202936581,14.3931124639996,2
4.94225888922796,11.0706552548995,9.00444482739926,19.2635241125931,17.5656025708914,3
9.943242695277,9.591478746129,8.9531950218849,14.308246257491,14.5486219420311,4
9.2954575543755,10.2233779981952,14.022398037681,13.2766264512644,13.9788013052226,5
11.8576321556485,13.1334123620059,18.706987134946,13.9404572634682,15.9112824212596,6
7.28373700731652,11.081038768079,16.2503606202618,13.3311836151369,20.901761334526,7
7.83101105146208,9.49230513731767,10.8782691566965,15.8568611298861,14.5645462339362,8
9.27376027641664,9.13835423418481,15.0126445570168,13.1164455041323,14.8447044338577,9
10.8942984189908,11.7625210432287,8.84381329290657,13.4584176322736,15.2443879024114,10
6.59525459054255,7.17055399981463,10.4034810386555,13.7844670169173,14.8693867409541,11
11.6873015434513,11.8878686597301,12.2890169372759,12.4895527486967,13.5040490879691,12
9.76192550618597,11.2930787186989,11.4789789800879,12.8358792167769,18.5926264927695,13
7.93519717709074,7.78502427023248,10.6616154008893,13.4957331985963,14.042095343559,14
9.56447847527577,14.5766072699442,15.264797096968,15.3422448995029,17.8361478389055,15
10.7759115693722,13.0900548824603,13.0592487731297,14.1998416269052,17.2452632689167,16
13.0145761978632,14.4128135639687,17.9731183614191,13.4510753189258,18.7795228863783,17
8.29081388600008,15.131303268689,14.5454181294532,15.4519430521389,17.0315622028149,18
12.6813441986442,12.3989632211534,14.3834308280528,15.7309797675947,20.9408109992509,19
8.98278792104925,10.5891681221988,12.2673774926565,13.4648545871277,16.8387994958215,20
10.2138134875555,10.7647857044201,13.6082804197389,18.0805297063949,16.658089620431,21
8.58036919606878,14.4028472288158,11.699922010299,15.5762633087108,17.319306269011,22
7.50817851582655,9.6325606478492,12.3276887861942,15.5884494174917,16.3590647087833,23
7.60687767132803,13.7552383533983,12.7208465261104,14.4312031330911,19.8674272319821,24
9.86829665946962,9.789471108289,11.4253999797721,12.4680959268297,14.7062715993005,25
10.347172616552,12.3738754633606,11.8570849881059,10.609206943013,15.4202795569966,26
6.47724250709607,9.85185752911366,13.8457296045359,14.2263248468038,19.7602529174865,27
9.83404788049644,10.1278783633526,15.9522018372114,16.0383301796354,18.0777531400851,28
9.99742548737808,15.166307519823,15.8100809691816,17.2339786133605,16.3669732118445,29
8.8084795361056,10.8860550657933,13.6262675252513,13.2932782142524,16.6360989304671,30
12.6787784971513,14.3175705565091,10.5756427799012,16.5744088982915,17.5226234637906,31
8.81823689285714,12.8947027979008,13.1069104792411,15.7851704456866,18.6028605661978,32
4.56045700995995,12.7329965914743,12.5625812624066,13.4933118997954,15.864795236166,33
12.6056576397804,12.1084420372783,13.7280824694121,13.8448751999535,21.3069530209471,34
6.36326479548583,11.4520535654039,9.43243185121911,17.3556926715011,12.8111721414856,35
11.0556676264318,6.58560242349542,15.0352969682907,13.300050507473,16.6791174484537,36
10.4753537004527,9.59758649729649,13.2950108470091,11.0393053666151,12.5434947240441,37
8.60874419118764,6.13970206580711,12.4481749214885,13.4336088511082,10.3673787433082,38
11.7829901202112,14.6489397113185,12.7143572191693,15.6625995162442,15.2398009886934,39
9.26337386662628,12.9433111008362,14.6710612316999,12.6330016292828,15.0222801639548,40
10.6463883747532,14.3096181834984,15.1507981341748,17.4645171469334,18.3392569933295,41
10.1900191556255,10.5974167007057,13.1395683933456,13.5050597294046,14.7394949127987,42
6.39986871449674,9.81273569872186,10.8673399861893,10.5070470574888,14.840472345361,43
11.2058762342011,9.42301212483407,12.1872077134826,10.9416002209756,15.4483276070503,44
9.070233026057,9.53721951546176,13.0372234468033,14.547185023788,13.3935113779705,45
8.10470529669611,14.9053221230691,17.2220022208875,15.83517903541,18.369819772031,46
12.7284575172753,7.88832468158004,14.5320514256703,11.5356474128421,16.4630683245939,47
9.95840265437556,11.2286365548614,14.9678189716481,7.19749238115209,14.2570428346589,48
12.3454614782397,14.8849902993812,15.6521017292305,17.7000435486782,19.2277763477296,49
10.7907620378867,10.2819420321944,14.401157487451,14.5346233828223,16.1503450992797,50
9.23745166711451,10.7008865239095,10.8645074119663,16.6723309604642,18.5769771803747,51
7.14845549232806,9.01221090780697,10.613960410119,13.407322421282,11.5914897401348,52
11.670750562222,14.0159255235203,12.8693292869493,18.1949895978554,15.5965451294889,53
10.1323746241299,8.70499315369952,11.940946924858,13.8244395690913,14.953440051688,54
11.032130378142,9.93383348766513,11.7532136748247,16.0173290323812,12.9299661426479,55
10.867951664512,11.7365448975467,10.5200429348229,9.63659359630172,13.8500774830281,56
11.4882573274184,15.7034603116177,15.9696824412487,15.6855902919696,20.8569786596396,57
11.6544666822,4.53927793305039,10.0241331502432,9.57234557768863,15.2060167735432,58
7.34474628021209,16.5923190902365,10.5532381088207,13.0962229439888,11.2842963891411,59
11.6900440026675,12.8073552418903,12.4781288854647,12.9655498579994,18.451523741168,60
11.4721922684496,11.4951044890827,16.1381146617726,17.5088602610394,14.6433373431306,61
11.8331620298028,12.1835648221528,16.7527718527131,15.5490914007207,17.1922214401595,62
9.90112473603285,11.0554709870382,10.447557454648,12.5821189847529,12.2567425406197,63
11.416651562221,8.27283078028952,9.39849079710404,12.1348399421764,14.4310370585996,64
11.1323290252904,12.0542133751832,11.8536218595415,18.008841226107,14.0541277134746,65
8.05523503224388,9.15232041169798,10.9224941476685,13.0774139431404,14.6620717078349,66
9.94246764325608,12.9306291307671,10.5744400901757,13.5823326982575,16.9363761575246,67
8.88822290028054,13.2743347514224,14.674299602118,18.1122018267775,18.0965507693936,68
14.1478195972998,14.4725201050309,13.400929546238,19.8939735975587,15.6573485877796,69
11.6678213176443,14.167572652292,14.4787358513644,14.6843405334482,18.0579045132299,70
7.47093069674731,11.0086068415138,9.83924755264552,17.247146283247,13.6301697633337,71
8.13115684430954,13.564927710418,13.4555984225839,12.1356555246476,14.0404404648301,72
10.5710892268402,12.7013492041304,13.8628912852139,13.3030869307325,16.172744527631,73
7.23331370652944,12.4496205262666,14.9208125825873,13.0905579644259,14.4660143691638,74
8.32858649372613,10.7527363308338,10.4838436662918,12.7766676376865,14.3516757963449,75
12.9701322212085,15.4604641620546,12.9979443772738,15.6151530831237,13.7404631690207,76
6.92486646571442,9.68090114747985,5.53846301663892,12.5832496536533,12.3235403722543,77
6.53522107523323,11.1778274298692,13.1992652038614,13.2376065114458,20.2399219921193,78
12.3391370468897,11.3828926337435,14.0557015869312,14.1161703972509,15.4570138716043,79
8.24250037761369,13.1820109177691,10.991764478695,14.3728033940845,18.0851015773918,80
10.5699974705398,13.3463847687886,12.7393406944914,18.0294033689775,15.3178044700573,81
10.7446995285267,14.2442701299696,11.3525983561372,15.4834190092266,18.344436199907,82
8.73496233621602,12.2284030023292,13.8407565534836,15.7310066744445,14.071637048455,83
8.61629902585675,11.8828894907717,8.70901711109551,17.8340140190587,16.1058807718778,84
7.17276961089626,7.37288654323037,8.26291275244156,6.36500519032965,7.27454564557674,85
11.8128672603266,17.9878938131736,17.6061209186679,15.8640185611692,18.7272916002256,86
12.6801550108417,14.8166972811894,10.3667997145775,11.9405254039732,13.8774775529894,87
10.1975740551045,11.7874299748644,13.2385857162369,15.344213785046,19.5918689420697,88
12.7600615356555,11.2143610705396,14.2398972190083,10.8540473281443,13.448528295761,89
10.5239828676543,9.27139621638656,9.96824408807462,14.6756564026913,12.2874262994463,90
12.6316009528486,17.1493864488921,15.8829667119194,18.1198271011665,23.2229198157366,91
7.11843354535299,9.38247154673462,9.38032252588363,9.41410194561866,13.66973207645,92
10.1386634466281,10.4232903948493,9.86292153910895,13.5940047036464,16.9991794858126,93
13.2980494435957,13.9495795359622,11.0989763128465,14.7088737995435,16.7055696433849,94
9.1173835951099,9.88905097824756,6.6998968183266,16.5000497443612,14.0188140865659,95
10.1971534165963,12.23685457778,12.7016192525348,16.0918418058055,17.4934030807324,96
10.0931304134826,11.2428941305686,12.2747303464826,13.8618295151897,11.0438221515666,97
11.5084471809035,14.3937781037813,14.7600403508526,17.1374465284522,10.5898329053958,98
8.31749482522048,8.96917188961273,14.0838466273689,16.8613847946656,16.1440056630195,99
12.0975617244591,10.1265360664502,13.7199024433886,15.927146209511,15.9281126314039,100
11.7242295331294,8.52898559896629,9.92026219267169,10.5173929343601,12.0316824978496,101
4.84057244374374,10.796682627338,6.33320735908795,11.6432348359747,13.1697884929217,102
9.98000437156377,11.8475431737683,13.1508457851038,15.2331688596355,15.5077037769145,103
11.4096301027456,11.4859194438217,16.837709493477,15.5140193293668,15.0478117459715,104
10.3418547486714,10.338022309758,9.96152172184005,11.573631933993,12.0204638265481,105
9.41884474731182,16.6499753741496,15.6737513825387,15.7077516455574,16.9396579528186,106
9.63903017936322,11.4502691091629,11.4987054705366,13.4673595546188,15.1719429155503,107
9.61360281538339,12.9424071118798,10.9710489063027,13.5321921357061,17.073589900197,108
6.8607343294021,13.334714627133,12.850463353258,14.3167525621571,15.5533397957398,109
5.39539742406681,12.174402455589,15.8815051470841,17.2244457569369,15.4395300636676,110
9.86950952558996,15.2439775150751,15.2909005383269,17.4819994660232,19.4605371020658,111
13.7580881247359,15.0411158461225,16.0771172008155,14.4135111402231,22.1104253305319,112
10.9230466949093,9.57676810159431,13.9070349546578,12.4370042938815,15.1256296062697,113
9.01083378656365,10.0121495799395,8.2764809673813,10.4722360886277,12.9334866632513,114
8.24523883764812,8.99650829327569,12.990750083529,12.7084799029689,16.2763877623398,115
11.2894106312307,15.6516892112223,16.8643744275712,17.9383623887788,21.3757837756008,116
13.3781138607733,12.2755414902733,11.5904529370554,15.8517332907976,17.6431124891569,117
8.69562731252184,10.2532917956086,12.3165386890444,11.1220794093038,13.8583703091263,118
7.62158831411107,8.35887428613595,13.3372277500622,15.8310756269994,13.5028999200649,119
9.43328982659077,14.3519420996265,16.1967841845188,19.3596067198037,21.2661417896526,120
10.6102061655474,13.8833663507713,14.8047712229698,14.5113802673966,16.6690657523054,121
10.8662263116968,7.89309616898429,13.123170822187,11.963949313014,10.4287804444239,122
11.2238462908123,14.7043665182676,13.1783986660058,12.4117473018683,13.5212259324898,123
12.8393251531295,8.40023064587637,11.0507727804148,14.2211189215434,16.7072136917829,124
11.9934437003536,9.94010761670148,10.8420457611956,12.7606944619953,17.0200572372758,125
9.67456211107474,11.8711191219672,10.3361330086809,10.7336987871432,13.5951469834582,126
10.6223293646296,10.0482144993285,15.2759771147642,12.8055359805448,13.0004189590227,127
10.7467455260731,13.7813836336791,9.29268361318878,13.34807815385,11.7876494576095,128
8.19767285899486,11.0370776193556,17.40911293531,9.28852053613883,16.9166313147048,129
9.35759142801238,12.7459238373176,14.5880889739526,14.5749252594925,16.8410717558895,130
7.9166706961819,10.1039440075674,8.1922505084817,11.2689764502203,11.5305830864807,131
10.6656108265271,17.0620791244782,15.0798373191833,16.2894739152876,21.0052495067581,132
10.3221692864098,6.8515304708309,6.4493639723527,10.5166423432703,11.5474705671815,133
8.47941754702241,12.2409290939732,12.5459942487558,17.5878297757182,15.5143489819771,134
9.75829624930525,10.9930681673922,7.09257139222395,11.7230373198453,14.9382045074742,135
6.10948049710851,11.1922637583897,14.6677554901167,13.4105542737775,12.8620316772336,136
9.95438708444252,8.15686490258342,14.3469537202236,17.9308126428265,14.8934791778726,137
10.0714414454845,9.22920343030934,9.68987221092334,11.1161851815833,14.7040125651576,138
8.97954982831366,11.3821296067862,16.3979223688651,15.4662847423706,17.4867752326823,139
13.0401177765443,8.98520540460149,9.59106924148165,18.2146754858691,14.6300848879314,140
12.4638678606675,12.3453879864009,10.6697488695679,14.7925408970905,10.6933525964998,141
14.3959698731349,13.0260499245389,14.0580967662971,11.3473251957163,14.002797908208,142
7.74354794725795,9.87896277229351,10.0862151588511,13.5151257101893,12.2846663962565,143
9.37541806302743,10.8741699552448,13.1969452204385,14.0464930281316,18.5794165846711,144
11.9076366305521,15.6585666378927,12.9281693250632,12.5826325450061,13.9571177999802,145
12.0855524051525,12.4913303281204,14.596899228567,11.4769832770623,16.1437240493463,146
9.35258645844141,7.65635701937852,14.5262355634632,16.2861862138492,13.5873342825949,147
10.5834263442521,11.8623417136634,15.8735191672918,16.2056289096038,12.2307520905286,148
14.5068295751254,11.6715964577571,16.6405760688683,15.8316816069634,17.4416488249685,149
13.5046767699883,10.1238442549994,12.1723872710208,11.2945025755584,13.8287030867361,150
13.2043282368424,10.5259200279335,13.0777983044309,16.2685898984406,18.9385876435969,151
12.5054967747021,7.92629023155268,13.2599095886403,16.386904067661,17.0947079428526,152
9.29483506553708,10.8870097959366,15.5663318601812,11.1865078997188,14.9535919553557,153
12.3835860316482,12.6487988611386,11.0265040189973,14.7765792884204,18.0074899170033,154
10.0050314930402,7.48430484198414,11.947408979793,11.8173018154796,14.833829959892,155
5.9733319682703,14.6381558275518,10.8084345622773,12.7775464203131,15.9128756396305,156
7.18172459360344,12.8139355722186,14.5391736457222,14.1408901616365,14.4254764182083,157
10.5470682952768,10.4584741789763,15.3971617323765,13.0646117406505,18.9613977484204,158
12.7720709642631,10.6923715700837,15.7254557072127,16.0347543054986,13.8518561435896,159
9.5678024366454,11.6509615715096,14.6771681588553,14.8615621363444,17.4950319092491,160
8.93567470852676,10.0777318442559,11.716993804879,10.3475742648514,16.1719689389243,161
9.33449775943509,5.89547335496151,7.74965203592819,10.1456545906234,14.5153351419057,162
10.8184661878357,11.9235203353334,15.4824833752171,15.9830844692323,16.0876670711949,163
9.47060605029276,13.2516439812238,12.6655868719744,16.5594477139503,15.2877286326392,164
8.043906044403,10.6657266843884,11.8299214438211,12.7211976333611,17.2717672160654,165
9.76045247990768,11.2020774672299,14.4208473202199,17.8001231826852,16.5016971507396,166
12.4017603915164,10.1297242737274,14.5688121020152,17.2305685987329,16.2320505324133,167
12.9043117550443,13.6844030230169,13.4740797596537,13.9993641413947,16.1921583015614,168
10.0186982622781,14.0074651063872,12.9443004197636,14.2430786732201,16.3549134331338,169
8.8420563108091,11.68350767017,14.4139728427602,15.1703149126284,17.3466710874511,170
6.4704373084137,10.5581818588561,11.6319141911044,16.1069118377489,14.3374864699905,171
8.1305147554322,11.984096177608,14.5479489787126,18.1759768587992,15.1484903976307,172
7.42208993976525,8.26266247535649,8.97742195676964,16.2676519964911,15.4757644119877,173
8.1291262721974,12.4178738403407,11.4084698769077,14.2078289123416,14.9331938708685,174
12.5775730193566,7.96778611406992,12.0409392423031,14.4813634175816,14.0408645534872,175
10.9862155946259,14.6943248366111,12.9911284324805,14.8695955234301,17.3345875480906,176
4.81904178541566,6.17635067530559,9.43148596052615,10.6485764821768,13.6645493356978,177
11.802949183214,11.9063740765636,13.3184065435443,11.9824922628548,17.382167219654,178
13.8368720868481,14.8860054287815,17.2074554958687,14.9665996512073,17.7360664158542,179
11.8602566598391,13.7960912773063,16.8681928558345,19.6511621638433,15.7765482457232,180
12.3865177202386,10.2878275359738,16.3256667786787,17.9503894823287,14.557796860471,181
14.5882159502339,16.1627442474784,20.1134091247598,19.5776051934338,20.0761237933081,182
10.7018812666822,9.40084951685095,10.2722030054628,15.1965665241214,14.8397363990352,183
10.2970063209616,15.3755123611957,13.2185874546193,16.3982897710573,19.2670610528688,184
11.5259820221522,11.5730144295912,16.3714838278867,17.2091574083118,20.6776297005439,185
11.9004717004471,11.638377479369,15.1790678764192,17.2407656578899,18.3914926045225,186
8.74426961225904,13.7789363340669,11.9331053020791,12.8047773641217,14.3171956838085,187
9.94733717282749,14.3139378518821,14.9384105473013,16.840923539849,17.1025200763298,188
11.6369692984099,9.87679484167972,14.8630657436666,14.7838196670638,15.1576338253266,189
6.44240797669199,10.0061631229396,13.5764136067268,12.9292527504451,12.3869946405962,190
12.862795905179,16.3118784399366,17.0492638933335,17.8510281780748,18.7587618840712,191
9.4426985799668,10.9977207340346,12.5606535292662,12.9178131976315,16.2515029017835,192
10.9332795362615,8.48905214294554,13.7087018592384,12.6832218939245,13.9591264933165,193
9.92510735463275,10.2862263461539,14.2200422867059,15.944443434485,16.5135153398897,194
9.38255987515123,10.0648254589559,11.7546256267867,13.4523737640922,16.5088175014884,195
12.841172796531,9.62834156497126,12.0575403575411,14.1023361414053,12.8864013498138,196
11.910370050289,11.4244717773762,12.4689439077393,13.9910803314317,14.9936882061014,197
11.3440425376805,10.6507509586467,12.7780834434659,14.3389093323686,19.3385604736847,198
6.48620496658192,8.73040004590449,12.1693649079744,13.5971149407216,13.3525989745932,199
11.3637767244762,14.1768765832884,9.96960103829629,18.424341636365,16.9736566615719,200
7.47917983214478,9.7335123068756,13.1123651976028,13.6985845018051,10.9570851372484,201
12.9875699984216,10.4891169692803,13.8702902793595,16.7465105422279,20.8294088865003,202
12.2621199106011,9.92343406125816,12.6276233942488,16.5418893578938,16.0718103301805,203
11.1587109871512,14.0066119195678,13.165276825958,10.0767950901356,17.1764075253737,204
10.824344024906,14.6604922352945,14.0342362032623,16.8709505909013,16.7578202810096,205
12.1403737704584,13.9040835637957,16.4036411321133,11.260527120152,13.0220702308525,206
11.5074074097903,11.4053349413346,14.9772363853616,17.7105166508432,16.4531132279632,207
8.17611637576555,13.2427814708677,10.8256298551297,12.5636580804661,19.3839154419653,208
6.88745860471833,10.1305867042647,12.6382049724343,13.4896588182383,16.5920804317211,209
11.1929566168097,9.97210525869261,15.5685552694628,16.0673558067807,18.6621140218616,210
10.5904674885453,11.9142311194014,11.7323288292792,16.7451155849893,15.3276875782682,211
7.02173386047999,12.068770630452,10.7323131914684,11.8949966793882,8.95180053300321,212
3.92064393705559,14.7930730172991,10.1150770843461,11.2340446733982,12.6393317428579,213
13.8890400550669,11.2718265230243,17.3768678461114,14.4804419453506,19.3273087386893,214
12.5016239643977,12.7369169058151,11.547452892825,12.9397286459667,19.3858294768425,215
14.1971794733896,15.5980351485751,13.8353236357204,15.7416117221877,16.5830269281803,216
12.0443580255576,9.9587162579114,13.712838135658,13.9322581279745,18.5859199748522,217
8.06840056228917,5.13767027607367,8.65361122480284,12.1695938071643,15.7218972591676,218
8.629113172803,14.3789069274793,15.1193472724577,14.2781065799504,16.7110222583977,219
12.0382159551206,12.4714319314497,15.3883304306627,14.6134865629443,17.8225365967675,220
13.5013025606594,15.2890763441362,15.045553258023,16.7623072735438,18.6402087488907,221
10.3708112883019,11.4156180216301,15.808072230382,15.4516370895512,14.5715880381604,222
9.11566361553971,8.80994735091064,16.3786589525576,14.4513550716881,15.2430668141896,223
6.73676618994205,14.1721889136715,14.6128715140152,16.3340705819508,19.8757452615237,224
7.1659068834169,8.92004556724232,11.5362923364927,13.8002819105574,12.9790243921566,225
5.14211489647127,10.9417144638329,15.1169975601069,15.8256035547751,15.5510977496165,226
11.6410021270515,15.9162366342742,13.803368564681,18.1284347963879,18.251264356614,227
10.7151911024119,12.1828033833497,11.9005233303679,12.4549936755567,19.1659038779988,228
14.7892609808824,11.9928096037828,14.3881779426542,18.564955422086,19.6615276773817,229
9.2309801375787,8.81747259097799,13.709546338824,17.7281351228633,17.9601101591221,230
12.5605855966749,10.3215993137607,17.8498233550983,14.1350112146108,16.3554002311527,231
7.59817297539175,8.33184714583814,13.9336439884755,13.4427512048616,15.7528367145127,232
12.4246607623308,15.9669635201436,18.0812295721676,20.093993141029,21.3217451420023,233
12.766142877192,13.4690497355073,16.4526709100466,12.0373841697062,14.6365446967843,234
10.3698504000657,11.9775258198605,15.1795646221504,17.8818021453357,15.9205892307475,235
12.0720346997735,11.3620819164417,17.7285053699068,17.4657413247225,17.1463218104637,236
6.60022923122139,11.042991459613,10.9377625760567,19.8806979546885,17.8886098547816,237
9.7574716312065,8.27296965274706,10.0805271937025,11.7486855450161,10.9337160349621,238
9.78818223516396,8.79279620305925,12.5327425566941,13.5697521721887,14.5387232553293,239
8.11032949001932,7.83014063738584,11.7511650607675,14.978291388548,19.1643794844089,240
13.316753669219,11.5810617809627,13.6105704986874,16.236627243983,17.0685154659486,241
9.49428276259177,10.075510747521,16.120500562419,17.6846616277799,12.7203814437988,242
11.7241857155744,8.46633034961222,12.45526827193,19.759778588207,21.0561581954501,243
10.9866234872982,12.0721235717878,12.3914176945626,10.360065953979,18.486211883294,244
6.45845672523807,11.6361727951675,11.1341340116218,13.1328840338631,19.1810101856257,245
10.7034700138446,13.7299242234935,11.6916485821501,13.8903205043897,13.9516532048316,246
12.0660690636036,12.0221451376463,14.3939448598841,15.5480754893442,15.6898515562291,247
15.0620910571191,9.24035439040686,15.0059507224351,14.7050030024478,12.5321731947201,248
9.77962844292185,13.4443922591588,10.850730171071,12.32046168513,16.0719452488347,249
10.0868531425192,7.39719173145211,11.2612321094535,14.4342500235007,16.2219621591652,250
10.846207009229,11.2906097606364,11.8620155000111,4.64705449073903,17.9650672478649,251
9.22448017469953,9.11353006182016,13.2452027492104,15.5976849924102,15.8255885815738,252
6.83359755248308,10.4995136166866,11.6466994607237,11.2536282903025,13.1031203880637,253
8.46469556503351,14.4879484208853,17.2771571883341,14.0218807647102,15.5620734001629,254
6.4840304422417,10.4930900959267,14.3835743972601,12.6208187905757,13.7751729005403,255
9.8034640793764,13.6514814987609,16.475536450649,15.4652206026,19.2145567527063,256
11.7056404477316,14.157347620957,13.7065197978424,16.8426362618627,22.5856376761629,257
8.48347255190161,12.8204988718761,12.3847470510246,13.8394172011252,14.35114734029,258
9.26471899612427,11.1632589511845,11.7133636055716,13.371687603042,16.9872109411339,259
9.50378723117261,13.8784659686805,11.5810819796852,10.6809095916204,16.8297741757765,260
5.46143841092415,12.8436056178749,12.677658246319,11.8568445492252,15.1934565596323,261
10.4655797399174,14.2672480370986,10.3480088712542,15.0122718504908,13.1065259815417,262
7.33557611129087,10.4331909777909,10.4233187212089,15.5176227462141,18.425430059954,263
8.94736604297969,13.3129824998911,8.41170940709954,16.1842847326331,17.8999428119865,264
13.5639161985631,13.7195817658526,12.8015113313049,17.801822004313,19.9943049877974,265
11.2890896522907,14.3076820765295,13.1579688378514,15.4238269907835,13.2180817093524,266
12.4099777840013,10.9787918355139,13.0657586942667,15.0404355616334,11.116214015449,267
10.2719551812666,10.7042275881068,11.2389174690342,13.2547141590733,15.4554384374916,268
14.3799609533174,11.887506693559,13.7269891218105,15.8907114481789,16.6457591900095,269
7.40150293765392,10.8999806356326,12.2702939071669,11.3804554504163,14.0117122354362,270
9.0892956059332,12.2127160404061,12.5052579210589,13.3819150632096,14.4504258787233,271
13.2418378608643,17.5417118313652,16.8734511422022,19.7227686489532,20.1661277092879,272
11.4000362296987,12.7005163350806,13.866995223808,15.8277335232012,16.3370286080283,273
12.3678127776719,11.3418641769537,12.4428446388323,13.6716786774518,18.3721408080366,274
9.03579201196263,15.1569834220447,12.6852124110509,15.3966252413722,17.1767764726171,275
10.3288398216636,8.2749921304033,18.5695345525242,14.2018662522698,16.6127504673244,276
11.3340317037225,11.4095511477846,11.9916147883186,11.0888491198839,12.5957952544945,277
6.00491406797325,16.2091837416238,11.0273193584379,15.8129715710329,19.3166034974667,278
9.65531813583946,8.28428720382165,12.8096369093995,12.8470878606381,14.2676050745575,279
11.0764610502312,13.3548583014768,11.6509595817285,17.3093494753035,17.9500817699173,280
7.92948545154137,15.8260391148142,12.9371389733294,19.0477563585367,17.6946898274676,281
8.25965266845538,11.5394195155247,7.97099809253828,9.84961232561747,15.4424231769832,282
6.84064822104495,10.1628043681987,13.5941281653681,11.3237444527174,12.8663363930405,283
11.6858314164412,14.6676481306219,14.5147820410243,18.1007440502942,15.1744492736525,284
14.3249676185308,13.6971082869008,15.5904229543728,18.5727079952366,18.2760276886829,285
7.09851464666914,12.0070607668441,11.6880544332442,10.8755948261557,9.58501786764429,286
7.53561010135777,10.6033228494104,10.8116612124059,16.9970987134872,15.5989362229709,287
9.9718784032391,11.7431590479375,9.44445993680909,12.9308512053435,13.5227161548453,288
7.62673592934565,10.7626636344157,14.3847337254577,14.6672519301327,17.7464025403569,289
13.6082982638553,8.48383434377617,11.5750281817002,14.8279575894098,18.8310919800593,290
5.58897589120115,11.672523447373,9.5224897593665,14.5092503268784,17.2877016282121,291
7.04630202385301,12.8207562544591,17.8340622321829,10.993402375328,18.2314667014957,292
15.1695054506204,13.7433622769768,14.305716230424,18.3418492715962,17.7747096210569,293
10.9803177989847,10.5717287614749,12.291835462408,10.3250660997109,13.951848991659,294
8.40897151412301,8.75195211401597,9.29309794377947,10.8355658601567,10.8433629350392,295
9.80153746174833,11.493942864955,17.1612398581646,12.3021657352468,14.8401627155406,296
10.1582907326976,12.1929095400764,16.0043332241075,11.8829883671674,14.8094071857818,297
4.2847375076831,7.96937410523482,6.11547124074774,13.6399305305111,13.5778629473403,298
13.352887716266,12.0847825124829,14.1834312459917,16.2626553491332,16.6840824320489,299
7.23150444937068,12.5166329064868,15.5846981493829,10.2298523694593,19.8291754624999,300
11.3417731247486,7.55190332708105,10.8094124616212,11.0607778149219,15.4839550596811,301
9.22053193298201,8.225184500531,12.4642816448537,14.5265278117054,15.6419864372946,302
8.62469267868426,11.5008341075654,12.2591511032017,14.0632136670401,14.6104384250944,303
13.6563704580836,14.7778024428942,12.3080770723949,15.4307310799132,17.4653367869562,304
13.3140905475482,11.2720642740665,13.0163149165103,15.2620396587768,12.8660980065239,305
9.13693803755171,10.7377003272744,17.3032135955467,14.4764194560785,19.2562133618043,306
11.9104489847033,10.8731148589519,16.2100022093514,14.8374601497388,14.7495844180707,307
10.6487095685079,11.8544792331553,13.1178847690903,13.2532431209737,19.6867831043123,308
7.67415894404099,9.33675179563458,12.0836726637536,9.37927096846686,13.9518149983984,309
8.10506625009914,9.72419442539314,12.8923153913856,12.1261726642409,17.2142054435204,310
13.4212467442411,9.30306925081937,8.77812413964907,10.2766284024758,16.5134170090505,311
11.8528896468316,10.8007974626066,14.8465386784298,13.6883124663424,14.7950902230274,312
12.4178049547591,17.9963585351358,10.668223806404,20.8666849378473,14.2352480317888,313
7.54330501716906,13.8348996965722,11.0705486980092,18.3430561088039,12.8348182556992,314
11.1026305882354,10.5668023571998,13.8390557356242,17.770809307845,13.8627586179739,315
10.2025098529412,9.73411903810068,14.5913856567334,17.768986526136,17.4937133779247,316
10.4160434415082,9.21298751298264,13.6658941516287,17.7477184275847,16.9954521417882,317
9.19416048724158,11.8593483507776,11.8752155865528,11.3486445507808,16.8817631492241,318
10.2439175429209,13.5978985897499,12.0070968286606,14.2367778901296,15.131067570541,319
10.3231529274293,14.912520788224,13.4215682000055,15.1477537649997,16.8730806530126,320
11.5286509859518,12.8141814472568,9.57271684745317,14.0092762409627,14.1140827000543,321
10.3020817909384,13.6063950641852,16.6694914410704,19.3996967273707,16.7066294945287,322
11.9734427045069,11.8454556189524,15.3503981769111,15.4159289455089,18.2393448654913,323
7.34091860037706,14.9281169378664,16.3410222039796,16.2856870582841,12.8946709501045,324
14.9975649592146,9.64542659342968,17.8395478117834,16.8529867166144,14.467468791878,325
11.0289007861425,10.0173511349403,10.3595735874867,12.2756576019534,15.3956546654409,326
5.3127360781634,9.35424036418866,14.7600539573473,16.330710159732,12.4630558284209,327
10.3566906801004,8.4558366496308,9.95481559139162,13.3935867838186,15.3878342280434,328
8.85577472925864,13.723346422092,13.565370110058,18.3962884547847,15.4950295168577,329
12.9704190118825,10.9490021553813,13.6732849088913,10.8832456226931,12.4903804003059,330
7.73803378657588,12.5009669619766,12.2934045086125,12.5633302210757,16.2703156882538,331
8.6030013521424,10.1996338631705,12.6974268480661,15.2309734148655,16.4376196072341,332
12.8750950617023,8.88526043921717,13.1317598466333,14.3333083369265,17.3547657867113,333
10.5915320154307,13.0725030878248,14.7540362158708,15.350250281056,17.0540690619768,334
13.2649471414329,9.53935907815988,14.1841270725537,16.4908932264535,15.9553887217252,335
8.7680220207401,14.2184248108887,11.1997236842472,13.8952231622937,15.0345283874693,336
10.8444330876867,12.2507991942421,13.2600041947339,12.9217218633712,16.5184055676739,337
8.82712033638426,7.88936968085681,12.3102484064735,11.3438614164965,19.4152927660159,338
8.9501838476097,15.6519037819192,13.1307444109962,13.9318518312931,16.9523132761636,339
10.2460441651058,10.5591143545669,10.3121181107582,12.5102515993107,17.0905714214223,340
13.314341636278,10.7452162942795,11.8718675125361,10.1781910368988,14.9764500704575,341
10.8548138673411,6.30141116445073,8.77649797174502,11.8733172260635,15.3916343571063,342
11.2818835413025,14.0578435743157,12.7213961305982,15.1331072981742,16.6291787357253,343
7.35388283302134,11.1547131458126,15.0860452878908,15.3158698682297,17.2258317945435,344
10.9191112077547,12.1243907330495,15.1804708163039,10.9322967675716,11.769664049988,345
6.75582664359615,11.2672664789385,12.6215837612082,13.3571528616313,12.4698357835026,346
11.6354481485786,13.286753826851,11.6723642319183,16.7982648462868,13.2251123778554,347
7.49768232274967,10.7239992101629,10.5405100593351,11.0381975912373,15.154397870999,348
7.44890826895312,12.1801330803299,7.34058465131937,10.7159251106022,12.6884150893653,349
10.7567149348983,13.4002825655134,15.2451027411116,16.5362249337189,22.0961971422042,350
12.3871290343335,13.1468445968837,10.5900524895353,10.543643525165,16.5760897555558,351
9.99673544436966,14.9337067805088,14.2619866807007,12.8319229369012,18.3200419799868,352
8.4761063545591,10.8364298934837,10.7215558904098,17.0871048716637,13.724372898465,353
8.08536609603796,15.4576769363781,15.283721702636,11.4259842250566,15.239559340696,354
9.71275037845093,8.57074692179288,11.6029704180795,11.0042383637164,13.6046140160861,355
10.8123700226213,11.9457305056626,11.7336824726558,17.0010931709744,16.3049644587744,356
9.20116031173479,9.07219776515284,11.9217842441327,19.0410922757251,15.4709034500555,357
12.669686856549,13.1878000222895,14.1186956030736,16.1392690457311,17.7276058335285,358
11.0977129746201,9.8622391990202,11.2336539958922,12.4927683901142,13.5134056988988,359
7.07250421559452,3.79672239634333,10.2472070660253,14.1094550950941,14.1862027961351,360
8.8999399881502,12.0516056754929,12.772543644175,15.9178272134471,16.2756515403783,361
10.0442695863552,14.0557597892892,10.5046523612571,12.4328263116696,12.1005239226729,362
11.9762564241549,16.3296119063051,11.5446737641726,16.1685935423683,15.5403144644304,363
12.8517600237407,14.9237806591092,17.5121079987157,16.1830226812727,18.3023534496675,364
9.2215493538799,8.12381262473757,12.5204574928164,12.3527713969738,15.4539715734767,365
8.15174048468034,9.89994201767351,10.097208858506,13.7316589158803,15.2324388797143,366
11.3653376130854,12.4716981995806,16.8356314989473,12.7344447618366,19.124493029444,367
9.45349821678286,9.73985071200937,14.5044847481369,12.3006594592342,15.329029224722,368
6.55007098449527,11.3775932747851,13.7757747473057,14.0660701896572,18.4424379033072,369
14.1887157242361,8.83240692931673,9.35696227063937,10.9001911564872,11.0190223359866,370
7.67611068962347,9.26070676833195,13.0489780318697,15.7321042201965,16.6083473171895,371
12.3228508523741,11.1743649234419,12.5127440973041,13.7566970370322,15.6933086671984,372
7.83982187123471,10.3073222056811,9.67027947929544,11.5875402239328,11.9689920941075,373
11.6743987756352,11.3600867908194,10.0807623739162,14.0382262402758,15.5733969557435,374
8.48950034023552,12.5449677456265,13.1578044682827,16.464149459842,15.5952122961104,375
7.07034703545979,11.6779481470372,12.2589354220812,14.2558879666416,14.7971665135145,376
12.751679703977,14.7650805078019,15.538014020884,18.2597975817772,20.6621708534872,377
15.7666306944141,14.7541315594156,20.7271969220467,12.9135906150166,22.9946871376455,378
13.4776802096142,12.4710255996317,12.4826821091046,14.8475764047992,16.5486327201877,379
7.53517166509499,9.78839633938412,10.9884440523608,16.6724686323123,17.7222357891084,380
11.9330899657368,10.9410839067614,12.2673364713148,10.3194874593634,12.7273030554521,381
8.57889123288281,8.98748250917357,15.7087116767857,12.5031947688863,13.5143025609226,382
10.3802673110586,9.33803807376539,11.8112107803646,14.6689237368344,20.4302711680864,383
7.6830503789988,11.2586691266538,9.19850553572529,11.1997427903933,15.1057614136607,384
11.8807160890756,10.8618741670553,14.6467202126318,16.7977074554143,18.8487883335176,385
8.77193761651885,12.5197007809417,9.99503608378524,13.7010809457518,15.3536662993831,386
7.34247763995407,10.5728933118554,10.4765769034955,15.7317159076004,14.6455054148545,387
11.1693709104092,6.93388537162537,11.3691495283575,14.4719086424055,14.4439746226883,388
8.84389424304316,15.0869197297283,14.0110792450532,17.04263862189,15.4083271419649,389
11.7254119968265,15.70181254498,14.6540901621682,16.0481381244461,15.4064004806926,390
7.02644750532943,11.693101160387,12.5185512134366,11.6482079389852,14.9228043042136,391
13.2827406961741,7.97957501326832,15.1273177342937,10.8008207578214,14.8590715628671,392
9.01118410360824,10.0239818445261,13.3605496579579,10.3674830614523,14.2859838666954,393
6.14461955009436,11.1476732157107,9.62930477625225,14.6007874634872,15.3178421979547,394
12.0417478796003,12.7773019224235,18.059386445601,13.3650532082744,15.9131125708197,395
6.38523402205978,11.9292303475614,11.6727120194421,13.3357865078227,13.2600352309715,396
8.4064594813426,11.6950857516639,14.9582951510604,11.2673443336487,17.5881161999889,397
10.5889307841346,10.9832975003742,14.325787638999,14.202161360122,11.6948816530518,398
12.8691965215447,11.8450095984461,15.2954204390738,14.6053676326103,18.4117878231698,399
8.54482821090002,7.62054023476703,9.99929188125924,11.5055387902543,16.2147756412964,400
11.4221439611079,10.9113483894121,14.2994608582155,15.7014158773769,14.9016369574043,401
12.5822355613471,9.42667743433142,12.7325904205788,10.0109484050399,11.5581912454257,402
14.622053888925,14.9808246731285,13.9966044982274,17.957021478257,17.4594577088116,403
3.68190914265971,7.57709399959524,11.2798254724064,6.81134984370188,10.7468638596915,404
7.96309915990885,12.7431947670425,12.8531980997141,14.1761958546002,13.9663473384046,405
10.2799459355394,10.204742527101,13.1523093518767,17.8086977111873,17.6130614462049,406
11.3301365664934,9.26060904106202,13.380553926977,18.0672383835122,20.5796130051456,407
12.1935761358772,14.8591408844387,12.1808464237128,17.203617911966,17.0650298179011,408
10.2365058188559,14.9509921725615,17.4138456171367,13.1113353076665,21.1112494473714,409
11.8674195413105,9.47666913684302,11.6687262522382,16.8031304046744,13.5261900324058,410
5.54670467139507,11.0675470672758,8.56492339407718,9.70199200897331,15.1316497710815,411
9.92890966159966,12.6197485660186,16.5293504371196,9.66589516515501,15.9091144901438,412
7.47315033562426,10.7313785292741,10.4008950046422,12.3325937581477,14.215302767002,413
7.47145306886309,11.7088081563523,10.7165973633211,17.0893054982855,12.6901635397172,414
14.2827783221974,11.7806159091341,16.0877531119836,20.7009907566096,18.3901765963869,415
7.68364429587713,14.8809026349548,11.2808546630926,13.801703615077,16.066840597065,416
7.78754194341579,10.9988724859072,11.7246632488099,15.577997379887,13.5051651641109,417
8.84092956734958,12.5705321741097,13.9849967089339,12.9767903460425,14.1373470715783,418
5.78499759561154,8.20628454329872,14.5800859004652,13.0135088625146,15.6008221325195,419
12.0086625266567,12.5524497313273,13.2743024944384,17.8355578964167,17.2050532229439,420
11.5597236594019,14.1753584637167,16.2014235907507,14.9921649654811,15.2931702714007,421
8.5010608670139,15.0961988752912,14.7975608801141,16.3533610041273,16.9227312901273,422
8.41367032448398,8.64090251688673,9.85077311573569,14.2033384614892,14.1354456115915,423
8.53394909486946,14.0764429932771,12.3993546023945,15.0013346239281,14.1770084004199,424
7.95478460336856,11.2670463279553,10.8220976513485,11.7788012206914,14.7756922184428,425
8.8201553921726,7.31033644391619,11.1493711266314,11.3576141854802,12.84099050993,426
9.45991988007293,15.5831414920865,14.0318322145213,16.3101336031648,16.0605639709953,427
14.2818005332523,13.2123564132992,14.6715867346035,16.4137979107432,16.3356405945109,428
8.37946622305546,8.87438819507104,11.11781486084,9.37917710730255,13.2240704677658,429
13.1588765054501,12.7789175099309,14.4025123754883,17.0185502410061,21.605433142082,430
8.90166511043427,8.72905510018735,9.21043489599404,12.8752848764654,12.571509651956,431
11.3194819770903,12.7405665778013,18.6468711626733,10.7991864703029,17.6647127055278,432
12.982832358069,14.3154006826429,15.8071927925025,11.4351279448263,16.2403499749492,433
10.4993092585894,11.7205351564344,6.78049969441847,14.3120813416344,13.6838471737526,434
9.89149622697916,11.6581146098711,14.1987431979923,16.6066013324086,15.5625642864425,435
10.6015463288452,13.8539803026693,14.8048155713953,16.396387753086,21.2866839722753,436
9.11266130735967,13.9960179136617,14.2568495877096,13.8707534132609,17.6280881340353,437
7.99303809633712,9.68985301165922,13.7248503396402,15.7258350892678,11.7382758205655,438
13.5822510860828,10.6479734658968,13.578849241077,16.8065588702526,14.3993166987758,439
8.74988652795725,6.30901097070851,10.3217029636044,14.1766338994501,12.224327670703,440
5.88916967900598,11.7163535569029,17.2972947778186,14.788018927326,15.9525322214114,441
14.2077182217868,14.5527072161957,14.4028562795101,16.6885473373617,18.8418400430541,442
11.4059174683355,10.1767895647934,15.4440710774678,11.7022656121543,14.0908649436416,443
9.29030155043816,8.90736050350642,14.7396166210317,14.670276527244,15.0657702438786,444
7.34315587037351,11.1934913495437,11.1111475306442,12.8378719807241,14.8566230460692,445
9.83041985104392,14.3278897946122,17.2909289102255,14.8253717546553,11.9821216897341,446
11.2321728622721,12.2190136299793,13.596237443845,12.9575679432305,13.356562249695,447
6.86417583840536,12.5587943598743,14.9598018298676,11.2673804998086,17.7336664936959,448
10.2077181235375,10.7982296034443,13.3881636288518,16.1075396850302,12.5148620871546,449
9.71454473432272,10.4161265227269,13.5816366936832,13.6066921079015,15.0154951022778,450
10.6647931401067,8.89719769210315,13.7565494537446,15.0713051919763,16.3625473516849,451
8.62788094348055,13.6227375876776,10.0932388963127,14.2520351214075,10.6264637549621,452
10.0563251987561,10.0100386623861,5.36428671679529,16.7185002835175,12.2689563300964,453
9.4161693012754,10.2657093580238,14.2099843241655,13.4884572708821,12.8045374792995,454
11.2934831111686,15.5800468829389,14.9216832220938,17.6559747484646,16.1596108607151,455
8.23410867330836,9.73391128441862,17.0856622731759,15.6578030948193,15.9705822846234,456
10.5501098893708,12.92168460315,11.4939373249782,11.0071432591092,12.3636822237996,457
12.357619354204,11.8109392570678,11.3859544437856,15.3658776105424,17.9225223169385,458
7.00045391094484,12.2714816152981,14.6054814915576,15.3509438893185,15.4045437911216,459
11.5141957421388,12.6582359287791,14.5785352385152,13.3661134645328,12.1807643598087,460
11.8404233941829,10.2662244582725,15.4432318032025,13.3801679004605,17.7724811034066,461
9.84838506530801,11.7786067433701,10.9907333719997,12.6117111856017,15.338219756073,462
11.0931558399737,9.29591524642618,12.2094540254257,12.3516734942069,15.0237335539069,463
10.3414396804471,13.8697799097562,14.825649531288,15.6747215474524,15.1512145971182,464
11.1563592464374,9.45818176722849,11.8981189151769,16.0172983476644,16.3349847642246,465
12.626571523984,11.6042801046718,10.4476899328007,22.0788517691255,17.9967263029352,466
8.60064948453221,10.5721862600606,11.1001595599793,13.7984956881852,17.1286057618627,467
11.655763483464,14.7414695583945,14.1957828325287,11.1607420423676,18.9847847118559,468
11.2413165797593,9.67791780096075,7.72157187172166,14.3471882967384,14.7616151233876,469
7.89288229265844,13.2375808402424,18.0399408073099,15.1189278404588,20.0841920087841,470
13.5047135290287,13.2807921515399,14.9740739322913,13.7710771982478,17.5134659094305,471
11.2321455234263,5.67520625820683,10.5668832707865,13.1126441728407,13.3775992330234,472
6.99739066204017,8.11302057666276,5.97556745253023,10.8690052622166,10.6334659279288,473
10.1709000014535,13.4663050348214,16.5850027321714,16.1074671966719,17.7949021888334,474
7.53785625320842,6.27259881298704,13.3889294701926,11.4997182389533,11.5343351569623,475
10.3242818290756,7.01089018245389,14.3044753537832,14.0036412131185,17.9233100619878,476
10.2068641233642,13.0421222564992,10.2378671625735,14.164656847961,18.8091552311545,477
6.65612755506796,8.11391338641135,7.81383951732508,8.45978827854128,16.9372513517183,478
9.85152258876698,7.59034167217123,8.84197039556611,14.9402997276792,13.2962465418603,479
11.520166692269,11.9486704369584,14.6133755777037,14.8362386548754,20.7426441433556,480
6.76412190945507,10.0089229028945,13.5363497508036,19.3052425200313,14.8246819616525,481
9.26024855437289,15.0172397460351,10.9107595413744,10.9253616279445,18.1552220372393,482
10.0969738899848,14.2728799346968,11.7662613630616,17.3018157464318,14.1513199239517,483
10.4921131193458,11.9343190488041,12.028825504051,13.1426084717442,11.7496594929455,484
8.96180341542422,10.5941918151968,13.5785444720659,12.9307641120017,11.4946230088503,485
9.44772269226832,14.1911769521722,11.7800289897208,13.1448364029279,14.0181273355091,486
8.42614509614773,8.16654314590754,10.4622145932662,11.9242712939754,12.6356537794013,487
10.1926009287125,12.4859615452431,16.3067640043848,12.1087630507891,18.6754662106444,488
10.0152085684907,8.21837090414074,12.4732900285595,14.3326491768786,13.0713496392399,489
9.91052018322396,8.35009257547898,6.24752144231754,12.0748298417018,8.16697497945532,490
9.71879504844773,10.2785239129817,14.8320289691891,17.5285359171212,14.9573368434742,491
7.61300008609524,11.0294192900779,10.7638462035138,11.0601226519163,12.3214283270594,492
4.3575649976928,9.31672302960192,10.652263538102,12.213014636622,14.14631290131,493
8.13262477498997,10.6222802270159,12.0443745577888,13.8257412139364,13.2307763175158,494
11.7975735150472,8.53900638303432,17.0282920023111,15.5668831819071,17.407246038769,495
9.88828853444645,8.51980125730468,9.60787284968127,12.7572069466757,14.8346480367035,496
12.7427928755898,13.1167578379288,12.1865194630027,17.7908173165912,17.7463350202783,497
8.94498957280115,9.56350711945936,15.4530494004678,11.3156582883765,11.7834366674464,498
10.3552343290704,14.2185049315685,13.3085357447794,12.9397953723043,17.1844629445198,499
6.7768004888186,13.1724715924934,9.21835260976994,17.8065453041175,18.9711721326198,500
